name,ui,normalized_name,semanticTypes
Lungs,C0024109,Lungs,"Body Part, Organ, or Organ Component"
clear,C2963144,clear,Qualitative Concept
Normal,C0205307,Normal,Qualitative Concept
cardiomediastinal,,,
hilar,C0205150,hilar,Spatial Concept
silhouettes,,,
pleural,C1522720,pleural,Spatial Concept
surfaces,C0205148,surface,spatial concept
Endotracheal,C0599554,Endotracheal,Spatial Concept
tube,C1561954,tube,Spatial Concept
tip,C3282898,tip,Spatial Concept
approximately a 4.6 cm,,,
carina,C0225594,Structure of carina,"Body Part, Organ, or Organ Component"
Enteric,C1304890,enteral,Spatial Concept
distal,C0205108,Distal (qualifier value),Spatial Concept
esophagus,C0014876,esophagus,"Body Part, Organ, or Organ Component"
advanced by at least 11 cm,,,
Heart,C0018787,Heart,"Body Part, Organ, or Organ Component"
size,C0456389,size,Spatial Concept
normal,C0205307,normal,Qualitative Concept
mediastinal,C1522718,mediastinal,Spatial Concept
contours,C0876954,Contour form,Spatial Concept
grossly,,,
unremarkable,C0205307,Normal,Qualitative Concept
Pulmonary,C2709248,pulmonary (qualifier value),qualitative concept
vasculature,C3714653,vasculature,Anatomical Structure
engorged,C0700140,engorged,functional Concept
minimal,C0547040,minimal,Qualitative Concept
atelectasis,C0004144,atelectasis,Pathologic Function
lung,C0024109,lung,"Body Part, Organ, or Organ Component"
bases,C0178499,Base,Chemical Viewed Functionally
lungs,C0024109,lungs,"Body Part, Organ, or Organ Component"
large,C0549177,large,Quantitative Concept
effusion,C0013687,effusion,Pathologic Function
pneumothorax,C0032326,pneumothorax,Disease or Syndrome
extreme,C0205403,extreme,Qualitative Concept
right,C0205090,right,Spatial Concept
apex,C0277909,Apex beat,Biologic Function
slightly,C0750482,Slightly (qualifier value),Qualitative Concept
obscured,C4727091,obscure,Activity
patient 's chin,,,
displaced,C0012727,Spatial Displacement,Spatial Concept
fractures,C0016658,fractures,Injury or Poisoning
acute,C0205178,acute,Temporal Concept
osseous,C0262950,Skeletal bone,"Body Part, Organ, or Organ Component"
abnormality,C1704258,abnormality,Finding
Gaseous,C0017110,Gases,Chemical Viewed Structurally
distension,C3714614,distension,Finding
stomach,C0038351,stomach,"Body Part, Organ, or Organ Component"
Standard,C1442989,Standard (qualifier),Qualitative Concept
positioning,C0733755,Positioning (attribute),spatial concept
endotracheal,C0599554,endotracheal,Spatial Concept
distention,C3714614,distention,Finding
focal,C0205234,focal,Spatial Concept
consolidation,C0702116,consolidation,Qualitative Concept
nasogastric,C3282907,nasogastric,body location or region
mid,C0444598,Middle,Spatial Concept
portion,C3658326,Portion Size,Quantitative Concept
body,C1268086,Body structure,Anatomical Structure
The side - port,,,
esophagogastric,C0475468,esophagogastric,Body Location or Region
junction,,,
Otherwise,,,
little,,,
change,C4319952,Change -- procedure,Therapeutic or Preventive Procedure
volumes,C0449468,volume,Quantitative Concept
stable,C0205360,Stable status,Qualitative Concept
ET,,,
4.3 cm,,,
NG,,,
malpositioned,C0333042,Malposition,Spatial Concept
near,C1706276,near,Qualitative Concept
appropriate,C1548787,appropriate,Qualitative Concept
position,C0733755,Positioning (attribute),Spatial Concept
enteric,C4316902,Enteric Bacteria,Bacterium
cardiopulmonary,C0553534,cardiopulmonary,Body Location or Region
disease,C0012634,disease,Disease or Syndrome
pneumonia,C0032285,pneumonia,Disease or Syndrome
vascular,C1801960,vascular,Qualitative Concept
congestion,C0700148,congestion,Pathologic Function
approximately 1.8 cm,,,
barely,,,
proximal,C0205107,proximal,Spatial Concept
side ports,,,
approximately 12 cm,,,
approximately 2 cm,,,
Lung,C0024109,Lung,"Body Part, Organ, or Organ Component"
low,C0205251,low,Qualitative Concept
overt,,,
CHF,C0018802,Congestive heart failure,Disease or Syndrome
silhouette,,,
structures,C0678594,structure,Spatial Concept
intact,C0205266,intact,Qualitative Concept
Limited,C0439801,Limited (extensiveness),Functional Concept
negative,C0205160,negative,Finding
Low,C0205251,Low,Qualitative Concept
This,,,
cardiac,C1522601,cardiac- anatomy qualifier ,qualitative concept
mildly,C2945599,Mild (qualifier value),Qualitative Concept
enlarged,C0442800,enlarged,Qualitative Concept
unchanged,C1548447,UNCHANGED * - Problem/goal action code,Intellectual Product
crowding,C0010383,crowding,Social Behavior
bronchovascular,C2326513,Bronchovascular bundle,Body Location or Region
pulmonary,C0024109,Lung,"Body Part, Organ, or Organ Component"
edema,C0013604,edema,Pathologic Function
Minimal,C0547040,Minimal,Qualitative Concept
patchy,C0205413,Patchy (qualifier value),Qualitative Concept
bibasilar,,,
opacities,C1265876,Abnormally opaque structure (morphologic abnormality),Pathologic Function
infection,C3714514,infection,Pathologic Function
abnormalities,C0000768,Congenital Abnormality,Congenital Abnormality
Patchy,C0205413,Patchy (qualifier value),Qualitative Concept
Borderline,C0205189,Borderline,Qualitative Concept
effusions,C0013687,effusions,Pathologic Function
left,C0205091,left,Spatial Concept
basal,C0205112,basal,Spatial Concept
parenchymal,C4277702,Parenchymal Tissue,Tissue
opacity,C1265876,Abnormally opaque structure (morphologic abnormality),Pathologic Function
remnant,C4554476,remnant,Finding
complications,C0009566,complications,Pathologic Function
frontal,,,
lateral,C0205093,lateral,Spatial Concept
radiograph,C1306645,Plain x-ray,Diagnostic Procedure
Moderate,C5201148,Moderate,Finding
scoliosis,C0036439,"Scoliosis, unspecified",Disease or Syndrome
asymmetry,C0332514,Asymmetry (qualifier value),Qualitative Concept
ribcage,C0222762,Rib Cage,"Body Part, Organ, or Organ Component"
Mildly,C2945599,Mild (qualifier value),Qualitative Concept
underinflated,C1320706,Airway device cuff underinflated,Finding
largely,,,
Osseous,C0262950,Skeletal bone,"Body Part, Organ, or Organ Component"
The lateral view is limited,,,
patient 's arms,,,
increased,C0205217,increased,Quantitative Concept
lower,C0441994,lower- spatial qualifier,spatial concept
They,C4740697,they/them/their/theirs/themselves,Intellectual Product
more,C0205172,more,Quantitative Concept
conspicuous,,,
recent exam from ___,,,
similar,C2348205,Similarity,Qualitative Concept
previous exams from ___,,,
Old,C0580836,Old,Temporal Concept
rib,C0035561,Bone structure of rib,"Body Part, Organ, or Organ Component"
Left,C0205091,Left,Spatial Concept
aspiration,C0349707,Aspiration - action,Therapeutic or Preventive Procedure
mediastinum,C0025066,mediastinum,Body Location or Region
difficult to assess,,,
overall,C1561607,overall,Qualitative Concept
appearance,C0700364,appearance,Qualitative Concept
potentially,,,
obscuring,,,
upper,C1282910,upper,Spatial Concept
chest,C0817096,chest,Body Location or Region
cannot be assessed,C1707258,Cannot Be Assessed,Finding
Overall,C1561607,Overall,Qualitative Concept
findings,C2607943,findings aspects,Functional Concept
lobe,C0796494,lobe,"Body Part, Organ, or Organ Component"
New,C0205314,New,Qualitative Concept
Mediastinal,C1522718,Mediastinal,Spatial Concept
significant,C0750502,significant,Idea or Concept
Evaluation is limited,,,
patient 's head,,,
apices,,,
visualized,,,
heart,C0018787,heart,"Body Part, Organ, or Organ Component"
volume,C0449468,volume,Quantitative Concept
increasing,C0442808,Increasing (qualifier value),Functional Concept
substantial,,,
layering,C0934502,anatomical layer,"Body Part, Organ, or Organ Component"
compressive,C0376507,compressive strength,Quantitative Concept
Bilateral,C0238767,Bilateral,Spatial Concept
worse,C1457868,worse,Finding
loculation,C0205277,Loculated,Qualitative Concept
new,C0205314,new,Qualitative Concept
Cardiomediastinal,,,
device,C0699733,device,Manufactured Object
border,C2828371,Border (boundary),Spatial Concept
right - sided,C0444532,Right sided,Spatial Concept
loculated,C0205277,loculated,Qualitative Concept
bilateral,C0238767,bilateral,Spatial Concept
subjacent,C0542339,Inferior,Spatial Concept
well,,,
aerated,C2215609,aeration,Therapeutic or Preventive Procedure
Bony,C0443157,Bony,functional concept
TIPS,C0339897,Transjugular intrahepatic portosystemic shunt (procedure),Therapeutic or Preventive Procedure
quadrant,C1631280,quadrant,Spatial Concept
consolidations,C0702116,consolidations,Qualitative Concept
areas,C0205146,areas,Spatial Concept
round,C0332490,Round shape,Spatial Concept
larger,C0549177,larger,Quantitative Concept
Small,C0700321,Small,Quantitative Concept
relevant,C2347946,Relevance,Qualitative Concept
Unchanged,C0442739,No status change,Finding
Superimposed,,,
within,C0332285,within,Spatial Concept
limits,C0442816,Normal limits,Finding
aorta,C0003483,aorta,"Body Part, Organ, or Organ Component"
unfolded,,,
vascularity,C4068833,vascularity,Finding
small,C0700321,small,Quantitative Concept
moderate,C5201148,moderate,Finding
partially,,,
Bibasilar,,,
airspace,,,
costophrenic,C0230151,Costophrenic angle,Body Location or Region
angle,C0231760,angle,No results
overlying,C0233536,overlying behavior,sign or symptom
wires,,,
increase,C0442805,increase,Functional Concept
component,C5690167,component,intellectual product
laterally,,,
not well assessed,,,
monitoring,C1283169,Monitoring - action,Activity
support,C0183683,"support, device",medical device 
devices,C0699733,devices,Manufactured Object
mild,C2945599,Mild (qualifier value),Qualitative Concept
post - operative,C0241311,post operative (finding),Finding
alignment,C1706765,alignment,Spatial Concept
sternal,C0038293,Sternum,"Body Part, Organ, or Organ Component"
Mild,C2945599,Mild (qualifier value),Qualitative Concept
retrocardiac,,,
Stable,C0205360,stable status,Qualitative Concept
cardiomegaly,C0018800,cardiomegaly,Finding
artery,C0003842,Arteries,"Body Part, Organ, or Organ Component"
enlargement,C2711450,Enlargement (morphologic abnormality),Anatomical Abnormality
main,C1542147,main,Qualitative Concept
subclavian,C0038530,Structure of subclavian artery,"Body Part, Organ, or Organ Component"
PICC,C0179740,Peripherally inserted central catheter (physical object),Medical Device
line,C0230719,line,Cell Component
SVC,C0231957,slow vital capacity ,Finding 
elevated,C3163633,elevated,Qualitative Concept
venous,C0348013,venous,Spatial Concept
pressure,C0033095,Pressure - physical agent,Phenomenon or Process
sharply,,,
hemidiaphragm,C1269845,Structure of hemidiaphragm,"Body Part, Organ, or Organ Component"
decrease,C0547047,decrease,quantitative concept 
opacification,C0449584,opacification,qualitative concept 
base,C0178499,base,Chemical Viewed Functionally
an,,,
prominent,C0205402,prominent,qualitative concept
underlying,C4722602,underlying,Finding
Cardiac,C1522601,cardiac- anatomy qualifier ,qualitative concept
adjacent,C0205117,adjacent,Spatial Concept
top - normal,,,
hypertension,C0020538,Hypertensive disease,Disease or Syndrome
Enlarged,C0442800,Enlarged,qualitative concept
prominence,,,
atrium,C0018792,Heart Atrium,"Body Part, Organ, or Organ Component"
mitral,C0746591,mitral,Qualitative Concept
valve,C1186983,Anatomical valve,"Body Part, Organ, or Organ Component"
origin,C0439659,Beginning,Temporal Concept
infectious,C0009450,Communicable Diseases,Disease or Syndrome
process,C1522240,process,Phenomenon or Process
engorgement,C0020452,Hyperemia,Disease or Syndrome
failure,C5200924,failure,Idea or Concept
layer,C0934502,anatomical layer,"Body Part, Organ, or Organ Component"
dependently,,,
peculiar,,,
shape,C0332479,shapes,Spatial Concept
pericardial,C0442031,Pericardial body location,Body Location or Region
relatively,,,
Aortic,C0003483,Aorta,"Body Part, Organ, or Organ Component"
contour,C0876954,Contour form,Spatial Concept
changed,C0392747,changing,functional concept
hilus,,,
not less distinct,,,
interstitial,C0596790,interstitial,Body Location or Region
overload,,,
Nasogastric,C3282907,Nasogastric,body location or region
out of review,,,
Multiple,C0439064,Numerous,Quantitative Concept
right sided,C0444532,right sided,Spatial Concept
fracture,C0016658,fracture,Injury or Poisoning
multiple,C0439064,Numerous,Quantitative Concept
posttraumatic,C5453015,posttraumatic,Temporal Concept
deformities,C1527361,deformities qualifier,Qualitative Concept
Massive,C0522501,Massive,Qualitative Concept
nearly,C3828842,nearly,Qualitative Concept
resolved,C3714811,resolved,Qualitative Concept
Nonspecific,C0750540,Nonspecific,idea or concept
thoracic,C0817096,Chest,Body Location or Region
convex,C0521163,convex,Spatial Concept
old,C0580836,old,Temporal Concept
ribs,C0035561,Bone structure of rib,"Body Part, Organ, or Organ Component"
second,C0457385,seconds,Temporal Concept
fifith,,,
Slight,C2937276,Slight (qualifier value),Qualitative Concept
posterior,C0205095,Dorsal,Spatial Concept
fourth,C0205438,fourth,Quantitative Concept
calcified,C0175895,Calcified (qualifier value),Qualitative Concept
Severe,C0205082,Severe (severity modifier),Finding
standard,C1442989,Standard (qualifier),Qualitative Concept
below,C0542339,Inferior,Spatial Concept
diaphragm,C0011980,Respiratory Diaphragm,"Body Part, Organ, or Organ Component"
Interval,C1272706,Interval,Temporal Concept
improved,C0184511,improved,Finding
aeration,C2215609,aeration,therapeutic or preventive procedure
resolution,C2699488,resolution,Conceptual Entity
Right,C0205090,Right,Spatial Concept
confluent,C0205200,confluent,Qualitative Concept
margin,C0205284,Marginal,Spatial Concept
chronic,C0205191,chronic,Temporal Concept
thickening,C0205400,Thickened,Finding
S type,,,
ventricular,C1522565,ventricular,Spatial Concept
configuration,,,
similar to prior,,,
tortuosity,C0333076,tortuosity,Spatial Concept
Elevation,C0702240,Elevation,Spatial Concept
basilar,C1184146,basilar,Spatial Concept
linear,C0205132,linear,Spatial Concept
scarring,C2004491,Cicatrix,Pathologic Function
elevation,C0702240,elevation,Spatial Concept
streaky,,,
superimposed,,,
top,C1704458,Top (position),Spatial Concept
Air,C3536832,Air,pharmacologic substance - inorganic chemical
wall,,,
surgery,C0543467,Operative Surgical Procedures,Therapeutic or Preventive Procedure
skin,C1123023,skin,Body System
slight,C2937276,Slight (qualifier value),Qualitative Concept
interval,C1272706,interval,Temporal Concept
hyperinflated,C1167782,Lung hyperinflation,Disease or Syndrome
greater,C1704243,greater,Quantitative Concept
Sternotomy,C0185792,Sternotomy (procedure),Therapeutic or Preventive Procedure
extensive,C0205231,extensive,Qualitative Concept
clips,C0175722,clip,Medical Device
status,C0449438,status,Qualitative Concept
post,C0687676,post,Temporal Concept
median,C2939193,median (qualifier value) ,Spatial Concept
sternotomy,C0185792,Sternotomy (procedure),Therapeutic or Preventive Procedure
CABG,C0010055,Coronary Artery Bypass Surgery,Therapeutic or Preventive Procedure
obstructive,C0549186,Obstructed,Functional Concept
Degenerative,C0011164,Abnormal degeneration,Pathologic Function
changes,C0392747,Changing,Functional Concept
along,C0205154,Along edge (qualifier value),Spatial Concept
spine,C0037949,Vertebral column,"Body Part, Organ, or Organ Component"
COPD,C0024117,Chronic Obstructive Airway Disease,Disease or Syndrome
blunting,,,
trace,,,
borderline,C0205189,borderline,Qualitative Concept
knob,C1708612,Knob Device,Manufactured Object
calcifications,C2242558,"Pathologic calcification, calcified structure",Finding
multilevel,,,
degenerative,C0011164,Abnormal degeneration,Pathologic Function
airway,C0458827,Airway structure,"Body Part, Organ, or Organ Component"
obstruction,C0028778,obstruction,Finding
post CABG,,,
appropriately,,,
aligned,C1706765,Alignment,Spatial Concept
Vascular,C1801960,Vascular,Qualitative Concept
diaphragms,,,
flattened,C0016203,flattened,No results
markings,,,
early,C1279919,early,Temporal Concept
institial,,,
infiltrate,C0332448,Infiltration,Pathologic Function
frank,,,
atypical,C0205182,atypical,Qualitative Concept
lobar,C1522010,lobar,Qualitative Concept
subtle,,,
9 mm,,,
otherwise,C1518425,Not Otherwise Specified,Qualitative Concept
aspect,C1879746,Aspect (characteristic),Qualitative Concept
elongation,C0333071,abnormal elongation ,Qualitative Concept
descending,C0205386,descending,Qualitative Concept
flattening,C0333074,Flattening deformity,Spatial Concept
hemidiaphragms,C1269845,Structure of hemidiaphragm,"Body Part, Organ, or Organ Component"
diffuse,C0205219,diffuse,Spatial Concept
resolving,C1709864,Recovering or Resolving,Conceptual Entity
Mediastinum,C0025066,Mediastinum,Body Location or Region
hila,C2073515,x-ray of chest: appearance of hilum,Diagnostic Procedure
Improving,C1272745,Improving (qualifier value),Qualitative Concept
Diffuse,C0205219,Diffuse,Spatial Concept
moderately,C0205081,Moderate (severity modifier),Qualitative Concept
AP,,,
diameter,C1301886,Diameter (qualifier value),Quantitative Concept
Scattered,C0439742,Scattered,spatial concept
nodules,C0028259,nodule,Acquired Abnormality
Lower,C0441994,lower - spatial qualifier ,spatial concept
secondary,C0175668,secondary to ,Quantitative Concept
accentuation,,,
Tortuosity,C0333076,Tortuosity,Spatial Concept
Cardiomegaly,C0018800,Cardiomegaly,Finding
Ovoid,C0332492,Ovoid shape,Spatial Concept
bilaterally,,,
infiltrates,C0332448,Infiltration,Pathologic Function
free,C0332296,free of (attribute),functional concept
air,C3536832,air,pharmacologic substance - inorganic chemical
Supportive,,,
Continued,C0444791,Continued movement,Qualitative Concept
loss,C1517945,loss,Quantitative Concept
fully,,,
expanded,C0205229,expanding ,Spatial Concept
dense,C0439794,dense,Qualitative Concept
midline,C0549183,Midline (qualifier value),Spatial Concept
IJ,,,
fluid,C1704353,fluid - substance,Substance
major,C0205164,major,Qualitative Concept
fissure,C0332469,fissure,Anatomical Structure
both,C1706086,both,Qualitative Concept
Left - sided,C0443246,Left - sided,Spatial Concept
Opacification,C0449584,Opacification,Qualitative Concept
Monitoring,C1283169,Monitoring - action,Activity
port,C3888059,Port - physical object,manufactured object
catheter,C0085590,catheter device,Medical Device
abdomen,C0000726,abdomen,Body Location or Region
Hyperinflated,C1167782,Lung hyperinflation,Disease or Syndrome
widening,C0332464,widening,Spatial Concept
lesion,C0221198,lesion,Finding
over,C0205136,Over (spatial),Spatial Concept
superior vena cava,C0042459,Superior vena cava structure,"Body Part, Organ, or Organ Component"
intrathoracic,,,
internal,C0205102,internal,Spatial Concept
jugular,C0022427,Structure of jugular vein,"Body Part, Organ, or Organ Component"
trachea,C0040578,trachea,"Body Part, Organ, or Organ Component"
central,C0205099,central,Spatial Concept
superior,C1282910,Upper,Spatial Concept
Right - sided,C0444532,Right - sided,Spatial Concept
cavoatrial,,,
in position,C1550045,in position,Spatial Concept
Increase,C0442805,Increase,Functional Concept
caliber,C1301886,Diameter (qualifier value),Quantitative Concept
veins,C0042449,veins,"Body Part, Organ, or Organ Component"
intravascular,C0442123,intravascular,Spatial Concept
Port - A - Cath,C3495140,Port-A-Cath,Medical Device
cavoatrial junction,,,
essentially,,,
inflated,,,
hemothorax,C0019123,hemothorax,Pathologic Function
aortic,C0003483,Aorta,"Body Part, Organ, or Organ Component"
knuckle,C0025525,Metacarpophalangeal joint structure,Body Space or Junction
calcification,C1533591,calcification,Pathologic Function
demineralization,C0085511,Tooth Demineralization,Disease or Syndrome
Well,,,
fifth,C0205439,fifth,Quantitative Concept
anterior,C0205094,anterior,Spatial Concept
Linear,C0205132,Linear,Spatial Concept
focus,,,
redistribution,C0332620,redistribution,Functional Concept
hazy,C0848431,cloudy/hazy vision,Sign or Symptom
ill - defined,,,
Increased,C0205217,Increased,Quantitative Concept
lingular,C0225634,Structure of lingular bronchus,"Body Part, Organ, or Organ Component"
faint,C0039070,Syncope,Sign or Symptom
perihilar,,,
Multifocal,C0205292,Multifocal,Spatial Concept
decreased,C0205216,decreased,Quantitative Concept
in extent,,,
severity,C0439793 ,severities,Qualitative Concept
Retrocardiac,,,
valvular,,,
replacement,C0559956,replacement,Functional Concept
right internal jugular vein,C0501117,right internal jugular vein,"Body Part, Organ, or Organ Component"
Discrete,C0443299,Separate,Qualitative Concept
worsened,C4084902,Got Worse,Intellectual Product
infrahilar,,,
drain,C0180499,Drain device,Medical Device
internal jugular,C0226550,Internal jugular vein structure,"Body Part, Organ, or Organ Component"
postoperative,C0032790,Postoperative Period,Temporal Concept
Midline,C0549183,Midline (qualifier value),Spatial Concept
drains,C0180499,Drain device,Medical Device
in place,,,
Swan - Ganz,C0007438,Swan-Ganz Catheterization,Diagnostic Procedure
pulmonic,C5453853,Pulmonic flow,Clinical Attribute
placement,C1524072,placement,Qualitative Concept
nondistended,,,
5 cm above,,,
Median,C2939193,median (qualifier value) ,Spatial Concept
migrated,C0232902,migrated,Functional Concept
proximally,,,
cardia,C0007144,Cardia of stomach,Body Location or Region
blurring,C1847840,Visual blurring,Finding
horizontal,C0205126,horizontal,Spatial Concept
side port,,,
the Swan - Ganz,C0007438,Swan-Ganz Catheterization,Diagnostic Procedure
other,C0205394,other,Qualitative Concept
homogeneous,C1881065,Homogeneity,Qualitative Concept
worrisome,C5447511 ,worrisome symptomes,Sign or Symptom
Trace,C0442822,trace amount,Quantitative Concept
constant,C1948059 ,constant (qualifier value),Qualitative Concept
Biapical,,,
Surgical,C0587668,Surgical service,Health Care Activity
neck,C0027530,neck,Body Location or Region
pneumomediastinum,C0032283,"Pneumomediastinum, Diagnostic",Diagnostic Procedure
symmetrical,C0332516,symmetrical,Finding
apical,C0205111,apical,Spatial Concept
parenchyma,C0933845,parenchyma,"Body Part, Organ, or Organ Component"
biapical,,,
Upper,C1282910,Upper,Spatial Concept
paratracheal,C0442143,paratracheal,Spatial Concept
surgical,C0587668,Surgical service,Health Care Activity
deviation,,,
thyroid,C0040132,Thyroid Gland,"Body Part, Organ, or Organ Component"
vessel on end,,,
thyroidectomy,C0040145,thyroidectomy,Therapeutic or Preventive Procedure
malignancy,C0006826,Malignant Neoplasms,Neoplastic Process
Thoracic,C0817096,Chest,Body Location or Region
Consolidative,C0702116,Consolidation,Qualitative Concept
RELEVANT,C2347946,Relevance,Qualitative Concept
CHANGE,C0392747,Changing,Functional Concept
PARENCHYMAL,C4277702,Parenchymal Tissue,Tissue
OPACITIES,C0029053,decreased translucency,Finding
PNEUMONIA,C0032285,Pneumonia,Disease or Syndrome
OTHER,C0205394,Other,Qualitative Concept
FOCAL,C0205234,Focal,Spatial Concept
DIFFUSE,C0205219,Diffuse,Spatial Concept
LUNG,C0024109,Lung,"Body Part, Organ, or Organ Component"
DISEASE,C0012634,Disease,Disease or Syndrome
NORMAL,C0205307,Normal,Qualitative Concept
SIZE,C0456389,size,Spatial Concept
CARDIAC,C0018787,Heart,"Body Part, Organ, or Organ Component"
SILHOUETTE,,,
HILAR,C0205150,Hilar,Spatial Concept
MEDIASTINAL,C1522718,Mediastinal,Spatial Concept
STRUCTURES,C0678594,Structure,Spatial Concept
AZYGOS,,,
LOBE,C0796494,lobe,"Body Part, Organ, or Organ Component"
remainder,,,
accessory,C2963249,accessory,Manufactured Object
azygos,C0265794,Azygos lobe of lung,Congenital Abnormality
Aorta,C0003483,Aorta,"Body Part, Organ, or Organ Component"
tortuous,C4068863,tortuous,Finding
atherosclerotic,C0333482,atherosclerotic,Functional Concept
arch,C0741204,arch,Body Space or Junction
Crowding,C0010383,Crowding,Social Behavior
decompensated,C0205434,decompensated,Qualitative Concept
obvious,C5706969,obvious,Qualitative Concept
midlung,,,
Calcific,C0175895,Calcified (qualifier value),Qualitative Concept
densities,C0178587,density,Quantitative Concept
gallbladder,C0016976,gallbladder,"Body Part, Organ, or Organ Component"
crowding of,,,
minimally,,,
crowd,C0010383,Crowding,Social Behavior
Hemidiaphragm,C1269845,Structure of hemidiaphragm,"Body Part, Organ, or Organ Component"
better,C0332272,better,Qualitative Concept
some,C0205392,Some (qualifier value),Quantitative Concept
Blunting,,,
in standard position,,,
side holes,C2584728,Side hole epidural catheter,Medical Device
GE,C4534553,GE,Therapeutic or Preventive Procedure
axillary,C0004454,Axilla,Body Location or Region
dual,C1554184,dual,Intellectual Product
lead,C0023175,lead,Hazardous or Poisonous Substance
pacemaker,C0810633,pacemaker,Medical Device
tips,,,
ventricle,C2355627,ventricle,"Body Part, Organ, or Organ Component"
3.5 cm,,,
metallic,C2986473,metallic,Qualitative Concept
foreign,C1517294,foreign,Qualitative Concept
object,C0347997,Physical object,Physical Object
two,C0205448,two,Quantitative Concept
components,,,
curvilinear,,,
beneath,C0542339,Inferior,Spatial Concept
mainstem,C3807610,Thickened mainstem bronchi,Finding
bronchus,C0006255,Bronchi,"Body Part, Organ, or Organ Component"
iatrogenic,C0439669,iatrogenic,Qualitative Concept
related,C0445223,Related (finding),Finding
well - expanded,,,
in acceptable position,,,
advanced,C0205179,advanced phase,Qualitative Concept
by several centimeters,,,
implement,,,
medially,,,
not seen,C0332252,not seen,Functional Concept
less,C0439092,Less Than,Quantitative Concept
a change in patient position,C0456201,Positioning of patient,Classification
not well seen,,,
Pacer,C0030163,Artificial cardiac pacemaker,Medical Device
leads,C4053416,"Leads, Electromyograph",Medical Device
improvement,C2986411,improvement,Conceptual Entity
less prominent,,,
upright position,C0231472,Standing position,Spatial Concept
atelectatic,C0439688,atelectatic,Qualitative Concept
on waterseal,,,
amount,C1265611,Quantity,Quantitative Concept
Rib,C0035561,Bone structure of rib,"Body Part, Organ, or Organ Component"
partially assessed,,,
tiny,,,
residual,C1609982,residual,Qualitative Concept
appreciable,C2346843,appreciation,Conceptual Entity
Atelectatic,C0439688,Atelectatic,Qualitative Concept
existing,,,
thickenings,C0205400,Thickened,Finding
injury,C3263722,Traumatic AND/OR non-traumatic injury,Injury or Poisoning
regressed,,,
gross,,,
malalignment,C1275957,Misalignment,Qualitative Concept
lateral structures,,,
thorax,C0817096,Chest,Body Location or Region
elevate,,,
left arm,C5779993,left arm,"Body Part, Organ, or Organ Component"
injuries,C3263723,Traumatic injury,Injury or Poisoning
transverse,,,
L 2 through L 4,C0004604,Lumbar Vertebrae,Sign or Symptom
first,C0205435,first (number),Quantitative Concept
medial,C0205098,medial,Spatial Concept
portions,,,
third,C0205437,third,Quantitative Concept
comminuted,C0476171,"Fractures, Comminuted",Injury or Poisoning
posteriorly,,,
eighth,C0205442,eighth,Intellectual Product
ninth,C0205443,ninth,Quantitative Concept
displacement,,,
scapula,C0036277,Bone structure of scapula,"Body Part, Organ, or Organ Component"
hemithorax,C1269692,Entire hemithorax,"Body Part, Organ, or Organ Component"
blood,C0005767,blood,Body Substance
contents,C0456205,contents,Conceptual Entity
to the right,C0546911,To the right (qualifier value),Spatial Concept
obliquity of the patient,,,
true,C0205238,true,Qualitative Concept
shift,,,
several,C0443302,several,Quantitative Concept
Poor definition,,,
clavicle,C0008913,Bone structure of clavicle,"Body Part, Organ, or Organ Component"
not as well seen on this study,,,
4 cm above,,,
lucency,,,
Subcutaneous,C0443315,Subcutaneous,Spatial Concept
Apical,C0205111,Apical,Spatial Concept
Extensive,C0205231,Extensive,Qualitative Concept
subcutaneous,C0443315,subcutaneous,Spatial Concept
emphysema,C0034067,Pulmonary Emphysema,Disease or Syndrome
tension,C0233494,tension,Mental or Behavioral Dysfunction
left sided,C0443246,left sided,Spatial Concept
hemorrhage,C0019080,hemorrhage,Pathologic Function
left - sided,C0443246,Left sided,Spatial Concept
Pneumomediastinum,C0032283,"Pneumomediastinum, Diagnostic",Diagnostic Procedure
pneumopericardium,C0032319,pneumopericardium,Disease or Syndrome
severely,C0205082,Severe (severity modifier),Finding
fractured,C4554413,fractured,Finding
hemorrahge,C0019080,Hemorrhage,Pathologic Function
inferior,C0542339,inferior,Spatial Concept
field,C1521738,field,Conceptual Entity
assessment,,,
limited,C0439801,Limited (extensiveness),Functional Concept
rightward,C5570774,rightward,Spatial Concept
Focal,C0205234,Focal,Spatial Concept
higher,C0205250,High,Qualitative Concept
opacified,,,
alongside,,,
elongated,,,
aortosclerosis,C0340663,Aortic Diseases,Injury or Poisoning
increse,,,
collections,,,
soft tissues,C0225317,soft tissues,Tissue
bleeding,C0019080,Hemorrhage,Pathologic Function
very,C0442824,very,Qualitative Concept
sharp,,,
severe,C0205082,Severe (severity modifier),Finding
subcutaneus,,,
deeper,,,
pneumo mediastinum,C0032285,Pneumomediastinum,Disease or Syndrome
1-2 mm,,,
Unremarkable,C0205307,Normal,Qualitative Concept
examination,C4321457,examination,Activity
clip,C0175722,clip,Medical Device
Clear,C2963144,Clear,Qualitative Concept
nipple,C0028109,nipples,"Body Part, Organ, or Organ Component"
shadows,C0332554,shadow,Functional Concept
active,C0205177,active,Qualitative Concept
tuberculous,C0041296,Tuberculosis,Disease or Syndrome
A,,,
rod,,,
overlies,,,
T 5 through T 9,,,
area,C0205146,area,Spatial Concept
of T 5 through T 9,,,
intrafissural,,,
1.5 cm,,,
non - displaced,C0746928,non - displaced,Idea or Concept
pectus,C4231117,pectus,Congenital Abnormality
deformity,C0302142,deformity,Anatomical Abnormality
aforementioned,,,
excavatum,C2051831,Pectus excavatum,Anatomical Abnormality
Clips,C0175722,Clip,Medical Device
Pectus,C4231117,Pectus,Congenital Abnormality
feeding,C2987508,Feeding activity,Activity
tubes,C0175730,biomedical tube device,Medical Device
pneumothoraces,C4025027,Repeated pneumothoraces,Disease or Syndrome
newly,C0750546,newly,Idea or Concept
apparent,C0750489,apparent,Idea or Concept
Left sided,C0443246,Left sided,Spatial Concept
Swan,,,
sheath,,,
positions,C0733755,Positioning (attribute),Spatial Concept
lines,,,
distance,C0012751,distance,Quantitative Concept
bubble,C0001863,Air bubble,Substance
subpulmonic,,,
Lines,C0205132,Lines,Spatial Concept
Post - operative,C0241311,post operative (finding),Finding
structure,C0678594,structure,Spatial Concept
predominance,,,
markedly,,,
Calcified,C0175895,Calcified (qualifier value),Qualitative Concept
granulomas,C0018188,granuloma,Pathologic Function
Streaky,,,
diffusely,,,
demineralized,C1832069,Demineralized Bone Matrix (biomedical material),Biomedical or Dental Material
compression,C0728907,compression,Natural Phenomenon or Process
vertebral,C0037949,Vertebral column,"Body Part, Organ, or Organ Component"
bodies,C0242821,Human body,Human
thoracolumbar,C0450219,thoracolumbar,Spatial Concept
Soft tissue,C0225317,Soft tissue,Tissue
humeral,C0020164,Bone structure of humerus,"Body Part, Organ, or Organ Component"
head,C0018670,head,Body Location or Region
calcific,C1533591,Calcification,Pathologic Function
tendinopathy,C1568272,tendinopathy,Disease or Syndrome
Deformity,C0302142,Deformity,Anatomical Abnormality
indistinctness,,,
progression,C0449258,progression,Functional Concept
worsening,C0332271,Worsening (qualifier value),Qualitative Concept
vessels,C0005847,Blood Vessel,"Body Part, Organ, or Organ Component"
region,C0205147,regional,Spatial Concept
reticular,C0439739,reticular,Spatial Concept
sinus,C1305231,Sinus - general anatomical term,Body Space or Junction
previous,C0205156,previous,Temporal Concept
moderate - sized,,,
cluster,C1704332,cluster,Quantitative Concept
peribronchial,C0225607,Structure of peribronchial tissue,Tissue
infiltration,C0332448,infiltration,Pathologic Function
interspace,,,
non - tuberculous,,,
mycobacterial,C0521015,mycobacterial,Functional Concept
tuberculosis,C0041296,tuberculosis,Disease or Syndrome
granulomatous,C0439667,granulomatous,Qualitative Concept
lymph node,C0024204,lymph node,"Body Part, Organ, or Organ Component"
Study,C2603343,Study,Research Activity
poor,C2700379,Poor - qualifier,Qualitative Concept
penetration,C0205321,penetration,Functional Concept
reexpansion,C1611712,Reexpansion pulmonary oedema,Disease or Syndrome
thoracocentesis,C0189477,Thoracentesis,Therapeutic or Preventive Procedure
pre - existing,C2347662,Pre-existing,Qualitative Concept
substantially,,,
post - procedural,C5885899,Post-procedural,Temporal Concept
prior,C0332152,Before,Temporal Concept
bibasal,,,
obscures,C4727091,obscure,Activity
empyema,C0014009,empyema,Disease or Syndrome
granuloma,C0018188,granuloma,Pathologic Function
Size,C0456389,Size,Spatial Concept
in size,C0541591,changes in size,Quantitative Concept
Decreased,C0205216,Decreased,Quantitative Concept
Vasculature,C3714653,Vasculature,Anatomical Structure
Degree,,,
zone,C1710706,zone,Spatial Concept
lumbar,C0024090,Lumbar Region,Body Location or Region
Enlarging,C0442800,Enlarged,Qualitative Concept
Perihilar,,,
haziness,C0344232,Blurred vision,Finding
alveolar,C1440080,alveolar,"Body Part, Organ, or Organ Component"
Large,C0549177,Large,Quantitative Concept
retracted 4.5 cm,,,
pulled back about 5 cm,,,
collapse,C0344329,Collapse (finding),Finding
Feeding,C2987508,Feeding activity,Activity
wire,C1268545,wire,Medical Device
stylet,C0183663,"Stylet, device",Medical Device
pylorus,C0034196,pylorus,"Body Part, Organ, or Organ Component"
superior cavoatrial junction,,,
Subtle,,,
minor,C0205165,minor (value),Qualitative Concept
Improved,C0184511,Improved,Finding
internal jugular central venous,C2202213,right internal jugular vein central venous line,Finding
associated exudate,,,
reasonably,,,
well defined,C0442825,well defined,Qualitative Concept
fluid level,C0740844,air fluid level (finding),Finding
composite,C0205199,composite,Qualitative Concept
shadow,C0332554,shadow,Functional Concept
cavitation,C1510420,cavitation,Anatomical Abnormality
vein,C0042449,veins,"Body Part, Organ, or Organ Component"
Cephalization,,,
Comminuted,C0476171,"Fractures, Comminuted",Injury or Poisoning
hypoventilation,C3203358,hypoventilation,Pathologic Function
setting of splinting,,,
Partially imaged,,,
spinal,C0521329,spinal,Spatial Concept
fusion,C1293131,Fusion procedure,Therapeutic or Preventive Procedure
hardware,C1880159,Computer Hardware Device,Manufactured Object
persistently,C0750508,persistently,Idea or Concept
subsegmental,,,
Displaced,C0012727,Spatial Displacement,Spatial Concept
healed,C0205249,healed,Functional Concept
similar compared to the previous exams,,,
especially,,,
orientation,C5237365,orientation,Spatial Concept
fixation,,,
Sternal,C0038293,Sternal,"Body Part, Organ, or Organ Component"
3 cm above,,,
transesophageal,C0522518,Transesophageal approach,Spatial Concept
developing,,,
Developing,,,
development,C1527148,development,Functional Concept
widespread,C0205391,widespread,Spatial Concept
Support,,,
in,,,
multifocal,C0205292,multifocal,Spatial Concept
noncardiogenic,C3241936,Non-cardiogenic pulmonary edema,Pathologic Function
osteopenia,C0029453,osteopenia,Disease or Syndrome
sparing,,,
periphery,,,
massive,C0522501,massive,Qualitative Concept
Previous,C0205156,Previous,Temporal Concept
significantly,,,
Findings,C2607943,findings aspects,Functional Concept
stably,,,
Status,C0449438,Status,Qualitative Concept
predominantly,,,
fissural,C1517198,fissural,Qualitative Concept
Atelectasis,C0004144,Atelectasis,Pathologic Function
chronicity,C0547045,chronicity,Temporal Concept
Loops,C0181687,Loops,Medical Device
Moderately,C5201148,Moderate,Finding
Improvement,C2986411,Improvement,Conceptual Entity
plate - like,,,
bones,C0262950,Skeletal bone,"Body Part, Organ, or Organ Component"
lingula,C1561517,lingula,"Body Part, Organ, or Organ Component"
middle,C0444598,middle,Spatial Concept
platelike,C2021377,x-ray of chest: platelike atelectasis,Finding
a,,,
persistent,C0205322,persistent,Temporal Concept
duodenum,C0013303,duodenum,"Body Part, Organ, or Organ Component"
Plate - like,,,
Pleural,C1522720,Pleural,Spatial Concept
patient,C0030705,patients,Patient or Disabled Group
extubated,C0553891,Tracheal Extubation,Therapeutic or Preventive Procedure
1,C5201140,1 (finding),Finding
removed,C0849355,removed,Qualitative Concept
radiodensity,C3272911,radiodensity,Quantitative Concept
mucous,C0026727,Mucus (substance),Body Substance
plug,C0182324,plug (physical object),Manufactured Object
lying,C2584317,Lying down,Physiologic Function
approximately 2.3 cm,,,
Two,C0205448,Two,Quantitative Concept
2,C0205448,Two,Quantitative Concept
3.5 cm above,,,
ARDS,C2887484 ,"Respiratory Distress Syndrome, Acute",Disease or Syndrome
air bronchograms,C3669021,Air bronchogram on radiograph (finding),Finding
Underlying,C4722602,Underlying,Finding
4.7 cm above,,,
curled,C5447266,curly,Qualitative Concept
fundus,C0740422,fundus,"Body Part, Organ, or Organ Component"
catheters,C0085590,catheter device,Medical Device
satisfactory,C1547307,Satisfactory - Patient Condition Code,Intellectual Product
dysfunction,C3887504,dysfunction,Conceptual Entity
2.8 cm above,,,
small - to - moderate,,,
haze,,,
Moderate - to - severe,C1299393,Moderate to severe,Qualitative Concept
moderate - to - severe,C1299393,Moderate to severe,Qualitative Concept
Indistinct,,,
segment,C0441635,Anatomical segmentation,Spatial Concept
Widened,C0332464,Widening,Spatial Concept
lymphadenopathy,C0497156,lymphadenopathy,Disease or Syndrome
arteries,C0003842,arteries,"Body Part, Organ, or Organ Component"
out of view,,,
denser,,,
lobes,C0796494,lobe,"Body Part, Organ, or Organ Component"
ground - glass,C4697773,Ground glass,Finding
withdrawn 1 cm,,,
2.9 cm above,,,
coiled,C0444764,coils (formation),Spatial Concept
3.4 cm,,,
leftward,C5570776,leftward,Spatial Concept
Hilar,C0205150,Hilar,Spatial Concept
adenopathy,C0497156,Lymphadenopathy,Disease or Syndrome
Expected,C1517001,Expected (qualifier),Intellectual Product
Little,,,
extubation,C0553891,Tracheal Extubation,Therapeutic or Preventive Procedure
NGT,C0085678,Nasogastric tube,Medical Device
removal,C1883720,Removing (action),Activity
bronchograms,C0006282,Contrast bronchogram,Diagnostic Procedure
obliterating,C0700134,obliterated,Functional Concept
3.6 cm above,,,
orogastric,C0450104,orogastric,Spatial Concept
out of the field of view,,,
Enlargement,C2711450,Enlargement (morphologic abnormality),Anatomical Abnormality
exaggerated,C0442801,exaggerated,Qualitative Concept
AP technique,,,
cardiomegally,C0018800 ,Cardiomegaly,finding
right side,C0205090,Right,Spatial Concept
inlet,,,
generalized,C0205246,generalized,Spatial Concept
retained,C0333118,retained,Functional Concept
secretions,C0036537,Bodily secretions,Body Substance
Pacemaker,C0810633,Pacemaker,Medical Device
kyphosis,C2115817,kyphosis,Finding
pacer,,,
not well evaluated,,,
Healed,C0205249,Healed,Functional Concept
cage,C0337189,"Cage, device",Manufactured Object
trauma,C3714660,trauma,Injury or Poisoning
gas,C0017110,Gases,Chemical Viewed Structurally
under,C0542339,Inferior,Spatial Concept
subdiaphragmatic,C0230210,Subdiaphragmatic region,Body Location or Region
approximately,C0332232,Approximate,Qualitative Concept
13 mm,,,
hyperlucent,,,
cervical,C0205064,cervical,Spatial Concept
soft tissue,C0225317,soft tissue,Tissue
CP,C0719066,CP,Organic Chemical
bony,C0443157,bony,Functional Concept
Fully,,,
to,C1883351,to,Qualitative Concept
underpenetration,,,
Worsening,C0332271,Worsening (qualifier value),Qualitative Concept
supine,C0038846,Supine Position,Spatial Concept
great,C1704243,Greater,Quantitative Concept
vessel,C0005847,,"Body Part, Organ, or Organ Component"
6 cm above,,,
coursing,C0750729,Course,Temporal Concept
inferiorly,,,
expected,C1517001,Expected (qualifier),Intellectual Product
widened,C0332464,Widening,Spatial Concept
inspiration,C1507287,inspiration,Clinical Attribute
opacifications,C0449584,opacification,Qualitative Concept
positioned,,,
high,C0205250,high,Qualitative Concept
7 cm,,,
Widening,C0332464,Widening,Spatial Concept
fat,C0001527,Adipose tissue,Tissue
High,C0205250,High,Qualitative Concept
exchanged,C1621574,exchanged,Molecular Function
type,C0332307,Type - attribute,Qualitative Concept
Prominent,C0205402,Prominent,Qualitative Concept
density,C0178587,density,Quantitative Concept
juxta,,,
nasoenteric,C3204183,Nasoenteral tube,Medical Device
GE junction,,,
semiupright,,,
projection,C0033363,projection (defense mechanism),mental process
parts,C0449719,parts,Spatial Concept
collapsed,C0392748,collapsed,Functional Concept
decompensation,C0231187,decompensation,Finding
Its,,,
gastric,C1704242,Gastric (qualifier value),Qualitative Concept
gastroenterostomy,C0017164,gastroenterostomy,Therapeutic or Preventive Procedure
Esophageal,C1522619,Esophageal,Spatial Concept
drainage,C0013103,Drainage procedure,Therapeutic or Preventive Procedure
quite,,,
milder,,,
AICD,C0972395,Automatic Implantable Cardioverter-Defibrillators,Medical Device
single,C0205171,Singular,Quantitative Concept
Indistinctness,,,
procedure,C2700391,Procedure (set of actions),Functional Concept
wedge,C0439639,wedge,Spatial Concept
resection,C0728940,Excision,Therapeutic or Preventive Procedure
6 - mm,C3842086,6  mm,Finding
nodular,C0205297,Nodular (qualifier value),Qualitative Concept
suture,C1705834,Suture Device,Manufactured Object
seventh,C0205441,seventh,Quantitative Concept
Remainder,,,
Bronchial,C0205039,Bronchial,"Body Part, Organ, or Organ Component"
skeletal,C0521324,skeletal,Spatial Concept
6,C5399941,6,Finding
mm,C0439200,millimeter,Quantitative Concept
nodule,C0028259,nodule,Acquired Abnormality
chain,,,
sutures,C0038969,Surgical sutures,Medical Device
Pneumoperitoneum,C0032320,Pneumoperitoneum,Disease or Syndrome
pedicle,C0456605,pedicle,"Body Part, Organ, or Organ Component"
Free,C0332296,Free of (attribute),Functional Concept
underneath,,,
projectional,,,
Multi,C1651007,Multi,Organic Chemical
ill,C0231218,Malaise,Sign or Symptom
defined,C5239603,defined,Functional Concept
sarcoidosis,C0036202,sarcoidosis,Disease or Syndrome
Chain,,,
Rounded,C0332490,Round shape,Spatial Concept
discrete,C0443299,Separate,Qualitative Concept
fullness,C0439650,fullness,Spatial Concept
suprahilar,C0934260,Suprahilar part of mediastinal pleura,"Body Part, Organ, or Organ Component"
consolidative,C0702116,Consolidation,Qualitative Concept
fibrotic,C0334129,fibrotic,Qualitative Concept
longstanding,,,
micronodules,C0431693,Micronodule,Disease or Syndrome
fibrosis,C0016059,fibrosis,Pathologic Function
thoracolumbar junction,C1508706,Spine Thoracolumbar Junction,Body Space or Junction
Opacity,C0029053,decreased transluency,Finding
not appreciably changed,,,
bulging,C0038999 ,swelling,Finding
Band - like,,,
Post - surgical,,,
Nodular,C0205297,Nodular (qualifier value),Qualitative Concept
wedge resection,C0184909,Wedge resection - action,Therapeutic or Preventive Procedure
operative,C1882154,operative,Temporal Concept
scattered,C0439742,scattered,Spatial Concept
Subcentimeter,,,
Fullness,C0439650,Fullness,Spatial Concept
distended,C4082695,distended,Qualitative Concept
same,C0445247,same,Qualitative Concept
location,C0450429,location,Spatial Concept
view,C0449911,view,Spatial Concept
it,,,
amorphous,,,
Suture,,,
material,C0520510,materials,Substance
sarcoid,C0036202,Sarcoidosis,Disease or Syndrome
flair,C2826145,Fluid Attenuated Inversion Recovery,Diagnostic Procedure
compartment,C1185625,Anatomical compartments,Intellectual Product
Tiny,,,
high - positioned,,,
plate,,,
atelectases,C0004144,atelectases,Pathologic Function
Lateral,C0205093,Lateral,Spatial Concept
sinuses,C0030471,Nasal sinus,Body Space or Junction
accumulation,C4055506,accumulation,Finding
dependent,C3244310,dependent,Functional Concept
borders,,,
congestive,C0742742,congestive,Qualitative Concept
pattern,C0449774,patterns,Spatial Concept
overlie,,,
posteroinferior,,,
Substantial,,,
streak,C2348542,streak,Idea or Concept
Vertebral,C0037949,Vertebral column,"Body Part, Organ, or Organ Component"
stabilization,C1293130,stabilization,Therapeutic or Preventive Procedure
paraspinal,C0442145,paraspinal,Spatial Concept
Spinal,C0521329,Spinal,Spatial Concept
Tubes,,,
fine,C0205232,fine (qualifier value) ,Qualitative Concept
detail,C1522508,details,Qualitative Concept
esophageal,C1522619,esophageal,Spatial Concept
layered,C0934502,anatomical layer,"Body Part, Organ, or Organ Component"
hazinness,,,
Layered,C0934502,anatomical layer,"Body Part, Organ, or Organ Component"
cutaneous,C0221912,cutaneous,Spatial Concept
intubated,C4698386,intubated,Finding
8 cm above,,,
nondisplaced,,,
dorsolateral part,,,
anchor,C3854239,anchor,Medical Device
masses,C1265602,Multiple masses,Anatomical Abnormality
lesions,C0221198,lesion,Finding
Asymmetric,C0332514,Asymmetry (qualifier value),Qualitative Concept
Coronary,C1522318,Coronary,Spatial Concept
marked,C1706089,marked,Qualitative Concept
Pre,,,
manifestation,C1280464,Manifestation of,Qualitative Concept
erect,C0522014,erect,Functional Concept
S - shaped,,,
silhouetting,,,
decompensating,C0205434,Decompensated,Qualitative Concept
cardiogenic,,,
Scoliosis,C0036439,"Scoliosis, unspecified",Disease or Syndrome
SUBSTANTIAL,,,
ENLARGEMENT,C2711450,Enlargement (morphologic abnormality),Anatomical Abnormality
CONTINUED,C0549178,continous,Idea or Concept
PULMONARY,C2709248,pulmonary (qualifier value),Qualitative Concept
EDEMA,C0013604,Edema,Pathologic Function
BILATERAL,C0238767,Bilateral,Spatial Concept
PLEURAL,C1522720,Pleural,Spatial Concept
EFFUSIONS,C0013687,effusion,Pathologic Function
COMPRESSIVE,,,
BASILAR,C1184146,Basilar,Spatial Concept
ATELECTASIS,C0004144,Atelectasis,Pathologic Function
significant interval,,,
local,C0205276,local,Spatial Concept
rapid,C0456962,rapid,Qualitative Concept
Hazy,C0848431,cloudy/hazy vision,sign or symptom 
hematoma,C0018944,hematoma,Pathologic Function
Increasing,C0442808,Increasing (qualifier value),Functional Concept
site,C0205145,site,Spatial Concept
improving,C1272745,Improving (qualifier value),Qualitative Concept
peripherally,,,
inserted,C0441587,Clinical act of insertion,Health Care Activity
kyphotic,C0264190,Kyphotic pelvis,Disease or Syndrome
curvature,C0333063,Abnormal curvature,Spatial Concept
Hyperinflation,C1167782,Lung hyperinflation,Disease or Syndrome
Layering,C0934502,anatomical layer,"Body Part, Organ, or Organ Component"
bigger,C1704243,Greater,Quantitative Concept
2.3 cm above the carina,,,
Dobbhoff,,,
dilated,C0700124,dilated,Finding
loops,C0181687,loops,Medical Device
bowel,C0021853,Intestines,"Body Part, Organ, or Organ Component"
ileus,C1258215,ileus,Disease or Syndrome
PIC,,,
brachiocephalic,,,
pigtail,C0879203,Pigtail Catheters,Medical Device
4.6 cm above,,,
air space,,,
pronounced,,,
continued,C0549178,Continuous,Idea or Concept
supervening,,,
Loss,C1517945,Loss,Quantitative Concept
course,C0750729,course,Temporal Concept
off,C1518543,off,Qualitative Concept
field of view,C2700177,field of view,Spatial Concept
possible,C0332149,possible,Finding
Superiorly,,,
Possible,C0332149,Possible,Finding
pleural - based,,,
sided,,,
withdrawn,C0424092,withdrawn,Finding
approximately 5 cm,,,
gastroesophageal,C0744316,gastroesophageal,Body Location or Region
Constant,C1547014,Constant,Quantitative Concept
extent,C0439792,extent,Spatial Concept
distribution,C1704711,distribution,Functional Concept
known,C0205309,known,Qualitative Concept
5.6 cm,,,
above,,,
side,C0441987,side,Spatial Concept
ports,C1608324,Vascular Access Ports,Medical Device
axilla,C0004454,axilla,Body Location or Region
1.8 cm above,,,
sidehole,,,
costal,C0035561,Bone structure of rib,"Body Part, Organ, or Organ Component"
cartilage,C0007301,cartilage,Tissue
heavily,,,
annulus,C2262860,annulus,Cell Component
bronchial,C0205039,bronchial,"Body Part, Organ, or Organ Component"
peripheral,C0205100,peripheral,Spatial Concept
mid - to - distal,,,
20 cm for more optimal placement,,,
which,,,
Pigtail,C0879203,Pigtail Catheters,Medical Device
pnemonia,,,
Hila,C0456973,Hilar lymphadenopathy,Disease or Syndrome
indistinct,,,
Unusual,C2700116,Unusual,Qualitative Concept
collection,C1516698,collection (action),Functional Concept
cavitary,,,
OG,,,
ETT,C4049753,Endotracheal tube diameter:Len:Pt:Intubation tube:Qn,Clinical Attribute
good,C0205170,good,Qualitative Concept
postion,,,
Dahboff,,,
plerual,,,
smaller,C0547044,smaller,Qualitative Concept
Distal,C0205108,Distal (qualifier value),Spatial Concept
hyperinflation,C1167782,Lung hyperinflation,Disease or Syndrome
bronchiectasis,C0006267,bronchiectasis,Disease or Syndrome
defibrillator,C0180307,defibrillator,Medical Device
electrodes,C0013812,electrodes,Manufactured Object
Mild - to - moderate,C1299392,Mild to moderate,Qualitative Concept
mild - to - moderate,C1299392,Mild to moderate,Qualitative Concept
triple,,,
no change,C0442739,No status change,Finding
pneumonic,,,
coronary,C1522318,coronary,Spatial Concept
outer margin,,,
Triple,,,
in the expected positions,,,
Marked,C1706089,Marked,Qualitative Concept
cardiomyopathy,C0878544,Cardiomyopathies,Disease or Syndrome
Central,C0205099,Central,Spatial Concept
Position,,,
biventricular,C0699808,biventricular,Spatial Concept
pneumoperitoneum,C0032320,pneumoperitoneum,Disease or Syndrome
radiopaque,,,
one - third,,,
1 cm,,,
Base,C0178499,Base,Chemical Viewed Functionally
consolidated,C0702117,consolidated,Qualitative Concept
mass,,,
indeterminate,C0205258,indeterminate,Qualitative Concept
glenohumeral,C1269056,Entire glenohumeral joint,Body Space or Junction
acromioclavicular,C0695640,acromioclavicular,Therapeutic or Preventive Procedure
joints,C0022417,joints,Body Space or Junction
Interstitial,C0596790,Interstitial,Body Location or Region
Minimal to no,,,
The right - sided,,,
thoracentesis,C0189477,thoracentesis,Therapeutic or Preventive Procedure
Compression,C0728907,Compression,Natural Phenomenon or Process
Atherosclerotic,C0333482,Atherosclerotic,Functional Concept
Multilevel,,,
Obscuration,C4727091,Obscure,Activity
Operation,C0543467,Operative Surgical Procedures,Therapeutic or Preventive Procedure
Obliteration,C0332465,Obliteration,Functional Concept
angles,C0205143,Angular,Spatial Concept
not well visualized,,,
not increased,,,
No change,C0442739,No status change,Finding
sized,,,
It,,,
rounded,C0332490,Round shape,Spatial Concept
S,C5381851,S,Laboratory or Test Result
shaped,C0332479,shapes,Spatial Concept
Peripheral,C0205100,Peripheral,Spatial Concept
Opacities,C1265876,Abnormally opaque structure (morphologic abnormality),Pathologic Function
Emphysema,C0034067,Pulmonary Emphysema,Disease or Syndrome
interstitium,C2328510,interstitium,"Body Part, Organ, or Organ Component"
inflammatory,C0333348,inflammatory,Functional Concept
hyperexpansion,C0546312,Hyperexpansion of lung,Pathologic Function
T 12 vertebral,C0447808,T12 thoracic vertebra,Body Space or Junction
nonspecific,C0750540,nonspecific,Idea or Concept
bacterial,C0521009,bacterial,Qualitative Concept
opportunistic,,,
reaction to inhaled substances,C0020517,"Hypersensitivity Reaction Type IV, Cell-Mediated",Pathologic Function
Thoracolumbar,C0450219,Thoracolumbar,Spatial Concept
scapular,C0446464,Entire scapular region,Body Location or Region
Numerous,C0439064,Numerous,Quantitative Concept
metastatic,C1522484,metastatic qualifier ,Functional Concept
callus,,,
Extent,C0439792,Extent,Spatial Concept
Confluent,C0205200,Confluent,Qualitative Concept
locations,C0450429,location,Spatial Concept
lucent,,,
centers,,,
intersitial,C0021890,Interstitial,Pathologic Function
congested,C1533708,congested,Functional Concept
similar to prior radiographs,,,
chest radiograph,C3842377,chest radiograph,Diagnostic Procedure
hyperexpanded,,,
evidence of prior smoking,C0678833,History of smoking,Cell Function
configurational,,,
semi - linear,,,
calcium,C0006675,calcium,Pharmacologic Substance
deposits,C0333562,Deposition,Functional Concept
hypertranslucent,,,
degree,C5382011,degree,Quantitative Concept
lucencies,,,
wedging,,,
processes,C3714634,Biological Processes,Biologic Function
lymphomatous,C2960101,Lymphomatous infiltration,Neoplastic Process
tricuspid,C0443327,tricuspid,Spatial Concept
replacements,,,
waterseal,,,
takeoff,,,
Other,C0205394,Other,Qualitative Concept
relative,C0205345,relative,Qualitative Concept
external,C0205101,external,Spatial Concept
Visceral,C0442045,Visceral,Spatial Concept
regions,C0005898,Body Regions,Body Location or Region
Elevated,C3163633,Elevated,Qualitative Concept
rotated,C0231458,rotated,Spatial Concept
different,C1705242,different,Qualitative Concept
Trachea,C0040578,Trachea,"Body Part, Organ, or Organ Component"
deviated,C0012727,Spatial Displacement,Spatial Concept
Both,C1706086,Both,Qualitative Concept
no,C1298908,no,Finding
sequela,C0543419,Sequela of disorder,Pathologic Function
traumatic event,C4751223,traumatic event,Event
amount of,,,
AC,,,
joint,C0022417,joints,Body Space or Junction
resorption,C2985494,resorption,Organism Function
Overlying,,,
EKG,C0013798,Electrocardiogram,Diagnostic Procedure
Minimally,,,
Bronchovascular,C2326513,Bronchovascular bundle,Body Location or Region
Chronic,C0205191,Chronic,Temporal Concept
separation,,,
